{"total_study_seconds": 3.8484537601470947, "daily_records": {"2026-03-01": 3.8484537601470947}, "checkin_days": 1}